work_id,mp,district,category,vendor,agency,sanctioned_amount,sanction_days_ago,completion_days,expenditure,is_anomaly,is_vendor_ring,cost_deviation_ratio,expenditure_overrun_ratio,ml_flag,risk_score,flagged,vendor_network_flag,composite_risk_score,final_flagged
W0399,MP_6,Indore,Streetlight installation,Vendor_1,District_Authority_3,1422398.9746131368,215,268.0,396190.0,1,0,2.4681150707233934,0.27853647750818683,-1,75.3,True,True,100.0,True
W0327,MP_2,Bhopal,Streetlight installation,Vendor_2,District_Authority_5,1606697.8690111516,625,280.0,443960.0,1,0,2.5557359776838275,0.27631828520021434,-1,79.6,True,True,100.0,True
W0129,MP_8,Sagar,Road construction,Vendor_15,District_Authority_4,4943573.31751082,439,317.0,1327624.0,1,0,3.277217197160598,0.2685555396331177,-1,100.0,True,False,100.0,True
W0248,MP_9,Indore,School building,Vendor_1,District_Authority_8,7262339.713879463,286,125.0,2451723.0,1,0,2.2644382767918634,0.3375940945470198,-1,74.7,True,True,100.0,True
W0023,MP_10,Bhopal,Streetlight installation,Vendor_2,District_Authority_8,365876.0,363,259.0,576825.4819203045,1,0,0.5819902264179564,1.5765600419822685,-1,74.2,True,True,100.0,True
W0047,MP_9,Indore,Community hall,Vendor_1,District_Authority_4,2008722.0,158,155.0,3597439.131868668,1,0,0.7344079903238733,1.7909094099973355,-1,62.9,True,True,92.9,True
W0262,MP_9,Jabalpur,Streetlight installation,Vendor_11,District_Authority_8,1565286.0155141724,142,229.0,457829.0,1,0,3.108363653935776,0.29248903744253424,-1,89.3,True,False,89.3,True
W0362,MP_7,Rewa,School building,Vendor_6,District_Authority_7,8752732.12757465,612,301.0,3554973.0,1,0,2.714542779063423,0.40615580920160865,-1,87.4,True,False,87.4,True
W0188,MP_1,Sagar,Road construction,Vendor_1,District_Authority_3,1184829.0,491,768.0,1201650.0,1,0,0.7854524905579284,1.0141969853877648,-1,55.9,True,True,85.9,True
W0238,MP_8,Indore,Community hall,Vendor_12,District_Authority_1,6753702.8986972105,401,339.0,1739855.0,1,0,2.4692184249869995,0.2576149744957863,-1,85.1,True,False,85.1,True
W0245,MP_9,Bhopal,Drainage work,Vendor_18,District_Authority_2,3372935.440462522,145,195.0,945147.0,1,0,2.9467026201229407,0.28021496903314413,-1,84.3,True,False,84.3,True
W0002,MP_6,Satna,Community hall,Vendor_12,District_Authority_5,2108671.0,445,887.0,2212462.0,1,0,1.111457906583174,1.049221049656395,-1,80.9,True,False,80.9,True
W0393,MP_10,Gwalior,Handpump installation,Vendor_20,District_Authority_7,552908.7101255809,121,168.0,156182.0,1,0,2.716237673846303,0.28247339414227485,-1,79.7,True,False,79.7,True
W0225,MP_8,Satna,Road construction,Vendor_16,District_Authority_2,4163515.9935373897,320,122.0,1205330.0,1,0,2.157959877352367,0.28949810733786385,-1,77.8,True,False,77.8,True
W0105,MP_3,Satna,Handpump installation,Vendor_8,District_Authority_6,508602.64723462606,535,151.0,134266.0,1,0,2.3749583863855666,0.26398997474753816,-1,74.7,True,False,74.7,True
W0389,MP_9,Gwalior,Handpump installation,Vendor_20,District_Authority_7,458729.9827699184,488,134.0,156441.0,1,0,2.253572133163741,0.341030684446159,-1,73.6,True,False,73.6,True
W0305,MP_9,Sagar,Drainage work,Vendor_19,District_Authority_6,2857190.9709711447,372,144.0,804838.0,1,0,2.2749066373767315,0.2816885564098082,-1,72.6,True,False,72.6,True
W0358,MP_2,Jabalpur,Road construction,Vendor_3,District_Authority_6,3956684.6411590287,450,198.0,1268990.0,1,0,2.389797634645855,0.3207205312244131,-1,72.2,True,False,72.2,True
W0259,MP_1,Indore,Streetlight installation,Vendor_17,District_Authority_8,411944.0,501,850.0,400225.0,1,0,0.7147960683609222,0.9715519585186336,-1,72.1,True,False,72.1,True
W0308,MP_2,Sagar,Community hall,Vendor_7,District_Authority_2,4399092.039326496,620,198.0,1479421.0,1,0,2.220224848975333,0.3363014428373952,-1,71.7,True,False,71.7,True
W0281,MP_1,Ujjain,School building,Vendor_5,District_Authority_7,8324669.082651257,353,147.0,2739979.0,1,0,2.120192678234576,0.3291396898538778,-1,71.1,True,False,71.1,True
W0123,MP_2,Jabalpur,School building,Vendor_7,District_Authority_7,3152449.0,502,222.0,5833486.417931447,1,0,1.1383541894549323,1.8504617895266338,-1,67.5,True,False,67.5,True
W0213,MP_10,Indore,Drainage work,Vendor_11,District_Authority_8,998287.0,259,871.0,1009661.0,1,0,1.0168464819892682,1.0113935170947834,-1,66.7,True,False,66.7,True
W0231,MP_2,Satna,Community hall,Vendor_8,District_Authority_6,1711088.0,378,859.0,1651029.0,1,0,0.9018961641999107,0.9649001103391527,-1,66.6,True,False,66.6,True
W0265,MP_3,Rewa,Road construction,Vendor_14,District_Authority_1,1284397.0,127,339.0,2064090.5164915766,1,0,1.0025335287652106,1.6070502473079402,-1,64.7,True,False,64.7,True
W0247,MP_8,Rewa,Community hall,Vendor_2,District_Authority_8,2104567.0,440,287.0,2206636.0,0,1,1.202558252427801,1.048498812344772,1,34.5,False,True,64.5,True
W0135,MP_6,Satna,School building,Vendor_16,District_Authority_8,2694630.0,513,156.0,5271809.454157952,1,0,0.9212677975257401,1.9564131083517782,-1,61.4,True,False,61.4,True
W0325,MP_10,Sagar,Community hall,Vendor_7,District_Authority_1,1608027.0,520,300.0,2552144.1320717013,1,0,0.8115723588656387,1.587127661458235,-1,61.2,True,False,61.2,True
W0202,MP_1,Indore,Streetlight installation,Vendor_14,District_Authority_6,422863.0,542,288.0,636027.2362047654,1,0,0.7337424743540497,1.5040976302130131,-1,61.1,True,False,61.1,True
W0066,MP_7,Gwalior,School building,Vendor_12,District_Authority_2,2855562.0,365,131.0,5294865.4971030215,1,0,1.0655663247305216,1.8542288688191753,-1,61.0,True,False,61.0,True
W0061,MP_4,Jabalpur,Road construction,Vendor_2,District_Authority_5,1086814.0,606,253.0,1135699.0,0,1,0.656424699477486,1.0449800977904222,1,31.0,False,True,61.0,True
W0317,MP_6,Indore,Community hall,Vendor_1,District_Authority_6,1845055.0,286,132.0,1763521.0,0,1,0.6745697685329348,0.9558094474148467,1,30.9,False,True,60.9,True
W0030,MP_5,Gwalior,Community hall,Vendor_4,District_Authority_6,1997433.0,408,165.0,3814538.805986787,1,0,1.0675328001770106,1.9097205292927408,-1,60.3,True,False,60.3,True
W0374,MP_6,Bhopal,Drainage work,Vendor_10,District_Authority_2,891746.0,608,198.0,1529202.943565219,1,0,0.779057388161518,1.7148413825968594,-1,60.1,True,False,60.1,True
W0111,MP_7,Bhopal,Road construction,Vendor_10,District_Authority_8,1130376.0,585,839.0,1135082.0,1,0,0.9162654863472713,1.0041632164872574,-1,58.2,True,False,58.2,True
W0021,MP_3,Rewa,Handpump installation,Vendor_14,District_Authority_4,145518.0,570,266.0,256079.16270429047,1,0,0.9708294522920595,1.7597765410759527,-1,58.1,True,False,58.1,True
W0001,MP_8,Ujjain,Community hall,Vendor_13,District_Authority_5,1585409.0,390,322.0,2321410.248636648,1,0,0.832325973414308,1.4642343071325117,-1,56.9,True,False,56.9,True
W0103,MP_1,Rewa,Handpump installation,Vendor_14,District_Authority_5,144543.0,77,120.0,216478.3787717016,1,0,0.9643246988183672,1.4976745935237374,-1,55.8,True,False,55.8,True
W0150,MP_7,Indore,Community hall,Vendor_2,District_Authority_1,1802464.0,560,236.0,1818734.0,0,1,0.6589980912595819,1.0090265325687504,1,25.7,False,True,55.7,True
W0107,MP_8,Jabalpur,Drainage work,Vendor_11,District_Authority_2,1030518.0,550,263.0,1654254.0367422656,1,0,1.0715820975606205,1.6052645725181565,-1,55.3,True,False,55.3,True
W0383,MP_10,Satna,Handpump installation,Vendor_8,District_Authority_2,159056.0,293,147.0,241031.22569411478,1,0,0.7427239774681712,1.5153859376201764,-1,54.9,True,False,54.9,True
W0326,MP_1,Sagar,Community hall,Vendor_6,District_Authority_1,1622780.0,628,709.0,1551480.0,1,0,0.8190182083509675,0.9560630522929787,-1,54.6,True,False,54.6,True
W0041,MP_5,Bhopal,Drainage work,Vendor_1,District_Authority_7,891230.0,512,323.0,848198.0,0,1,0.7786065943118217,0.9517161675437317,1,23.5,False,True,53.5,True
W0201,MP_3,Bhopal,Handpump installation,Vendor_18,District_Authority_2,144736.0,596,736.0,139417.0,1,0,0.9200771025380409,0.9632503316382932,-1,52.7,True,False,52.7,True
W0044,MP_4,Indore,School building,Vendor_17,District_Authority_8,3216653.0,486,220.0,5732901.748414627,1,0,1.0029704562617314,1.7822568204946656,-1,52.5,True,False,52.5,True
W0398,MP_1,Gwalior,Streetlight installation,Vendor_20,District_Authority_2,460269.0,377,232.0,683662.006174101,1,0,1.1020835642964089,1.4853531438660892,-1,52.4,True,False,52.4,True
W0033,MP_10,Satna,Streetlight installation,Vendor_16,District_Authority_7,445770.0,584,588.0,446275.0,1,0,1.0980827829822664,1.0011328712116114,-1,52.2,True,False,52.2,True
W0210,MP_5,Bhopal,Drainage work,Vendor_2,District_Authority_5,785213.0,524,307.0,796684.0,0,0,0.6859868044605415,1.0146087749438688,1,22.1,False,True,52.1,True
W0278,MP_9,Gwalior,Road construction,Vendor_4,District_Authority_7,1143506.0,509,787.0,1154216.0,1,0,0.9113338159143815,1.0093659324918278,-1,51.7,True,False,51.7,True
W0035,MP_6,Satna,School building,Vendor_8,District_Authority_3,3206653.0,209,177.0,5327491.204551043,1,0,1.0963234829046313,1.6613868742739057,-1,51.6,True,False,51.6,True
W0024,MP_3,Sagar,Handpump installation,Vendor_7,District_Authority_3,158240.0,113,674.0,164376.0,1,0,1.05144603730959,1.0387765419615773,-1,50.9,True,False,50.9,True
W0294,MP_7,Rewa,Community hall,Vendor_14,District_Authority_4,1603506.0,617,717.0,1678807.0,1,0,0.9162499331774627,1.0469602234104518,-1,50.9,True,False,50.9,True
W0167,MP_9,Ujjain,School building,Vendor_13,District_Authority_1,2820470.0,572,572.0,2726560.0,1,0,0.7183396461539311,0.9667041308718051,-1,50.5,True,False,50.5,True
W0285,MP_1,Bhopal,Community hall,Vendor_2,District_Authority_1,1918460.0,687,303.0,2012087.0,0,0,1.0853499425603976,1.0488032067387383,1,20.5,False,True,50.5,True
W0085,MP_5,Gwalior,School building,Vendor_20,District_Authority_1,2683768.0,609,707.0,2643207.0,1,0,1.0014605896105153,0.9848865475704308,-1,49.8,True,False,49.8,True
W0322,MP_8,Sagar,Community hall,Vendor_15,District_Authority_1,1907848.0,273,178.0,3370934.976649793,1,0,0.9628922286237054,1.7668781667353965,-1,49.6,True,False,49.6,True
W0206,MP_3,Sagar,Road construction,Vendor_15,District_Authority_5,1097711.0,322,636.0,1118745.0,1,0,0.727699810574213,1.0191616919207331,-1,49.4,True,False,49.4,True
W0314,MP_9,Satna,Streetlight installation,Vendor_16,District_Authority_3,409226.0,286,537.0,390907.0,1,0,1.0080625096993987,0.9552350046184749,-1,49.0,True,False,49.0,True
W0122,MP_10,Ujjain,Road construction,Vendor_7,District_Authority_8,1161575.0,688,126.0,1798112.488992499,1,0,0.940658828430211,1.547995169483244,-1,49.0,True,False,49.0,True
W0158,MP_6,Rewa,School building,Vendor_6,District_Authority_4,2566461.0,302,689.0,2522579.0,1,0,0.7959535461332983,0.9829017468023087,-1,48.2,True,False,48.2,True
W0342,MP_8,Satna,Handpump installation,Vendor_1,District_Authority_3,159155.0,595,143.0,161616.0,0,1,0.7431862654281938,1.0154629135119853,1,18.0,False,True,48.0,True
W0284,MP_7,Satna,School building,Vendor_8,District_Authority_4,2554688.0,207,138.0,4028853.8738784036,1,0,0.8734229883603455,1.5770434095585855,-1,47.6,True,False,47.6,True
W0026,MP_2,Bhopal,Drainage work,Vendor_2,District_Authority_2,799518.0,220,187.0,778511.0,0,0,0.6984841029487326,0.9737254195652881,1,17.3,False,True,47.3,True
W0244,MP_6,Jabalpur,School building,Vendor_11,District_Authority_1,2426752.0,669,710.0,2409432.0,1,0,0.8763038850011962,0.9928628883379925,-1,47.0,True,False,47.0,True
W0141,MP_3,Indore,School building,Vendor_2,District_Authority_8,2283027.0,292,182.0,2258404.0,0,1,0.7118606302413882,0.9892147574251202,1,15.2,False,True,45.2,True
W0224,MP_1,Jabalpur,Streetlight installation,Vendor_11,District_Authority_8,441486.0,472,617.0,457968.0,1,0,0.8767081686797737,1.037333007162175,-1,44.7,True,False,44.7,True
W0191,MP_4,Bhopal,Streetlight installation,Vendor_1,District_Authority_8,441648.0,412,242.0,434739.0,0,1,0.7025189395233292,0.9843563199652212,1,14.5,False,True,44.5,True
W0190,MP_7,Jabalpur,School building,Vendor_19,District_Authority_1,2739962.0,361,138.0,4083319.782766081,1,0,0.9894044984224377,1.4902833626035985,-1,44.3,True,False,44.3,True
W0243,MP_9,Gwalior,Drainage work,Vendor_4,District_Authority_7,908277.0,632,657.0,940988.0,1,0,0.95917991050666,1.0360143436418625,-1,44.2,True,False,44.2,True
W0118,MP_10,Bhopal,Drainage work,Vendor_1,District_Authority_2,858921.0,276,180.0,875104.0,0,1,0.7503804344477903,1.0188410808444548,1,13.7,False,True,43.7,True
W0365,MP_8,Jabalpur,Streetlight installation,Vendor_1,District_Authority_6,464448.0,343,312.0,441941.0,0,1,0.9223063823699587,0.9515403231362822,1,13.5,False,True,43.5,True
W0329,MP_3,Rewa,School building,Vendor_8,District_Authority_6,2658779.0,294,562.0,2750148.0,1,0,0.8245847388426104,1.034365022440752,-1,43.3,True,False,43.3,True
W0091,MP_4,Bhopal,Road construction,Vendor_2,District_Authority_5,1356354.0,470,302.0,1307950.0,0,1,1.0994397947842725,0.9643131512864636,1,12.9,False,True,42.9,True
W0196,MP_8,Jabalpur,Streetlight installation,Vendor_2,District_Authority_4,435536.0,465,329.0,448075.0,0,1,0.8648925876564918,1.0287898130120128,1,12.7,False,True,42.7,True
W0275,MP_1,Rewa,Handpump installation,Vendor_14,District_Authority_8,185398.0,168,131.0,188635.0,0,0,1.2368905482211359,1.0174597352722252,-1,42.2,True,False,42.2,True
W0274,MP_1,Indore,Road construction,Vendor_1,District_Authority_1,1283989.0,242,160.0,1223599.0,0,0,1.0439010129921957,0.9529668867879709,1,12.1,False,True,42.1,True
W0172,MP_4,Satna,Community hall,Vendor_2,District_Authority_8,1841001.0,188,127.0,1777700.0,0,1,0.9703719155228719,0.9656159882585615,1,11.5,False,True,41.5,True
W0049,MP_3,Ujjain,Road construction,Vendor_2,District_Authority_1,1264092.0,135,128.0,1241252.0,0,1,1.0236784536065275,0.9819316948449954,1,11.0,False,True,41.0,True
W0348,MP_9,Sagar,Handpump installation,Vendor_2,District_Authority_1,163678.0,619,299.0,165841.0,0,1,1.0875795278991345,1.0132149708574152,1,10.6,False,True,40.6,True
W0175,MP_9,Indore,Streetlight installation,Vendor_1,District_Authority_2,469317.0,634,192.0,486514.0,0,1,0.8143484221519016,1.036642610431755,1,10.5,False,True,40.5,True
W0385,MP_2,Indore,School building,Vendor_1,District_Authority_3,2732549.0,298,324.0,2786279.0,0,1,0.8520241124198159,1.019662959383345,1,10.4,False,True,40.4,True
W0301,MP_1,Satna,Drainage work,Vendor_2,District_Authority_4,879334.0,324,153.0,842195.0,0,1,0.9557292629007049,0.9577646264104425,1,9.9,False,True,39.9,True
W0128,MP_8,Indore,Streetlight installation,Vendor_18,District_Authority_6,351279.0,491,312.0,365693.0,0,0,0.6095315093744694,1.041032911161783,1,39.4,False,False,39.4,False
W0338,MP_4,Sagar,Road construction,Vendor_1,District_Authority_4,1268216.0,164,252.0,1209373.0,0,1,0.8407317982303047,0.9536017523828748,1,9.4,False,True,39.4,True
W0097,MP_8,Jabalpur,Streetlight installation,Vendor_1,District_Authority_1,400101.0,464,209.0,413660.0,0,0,0.794525341680022,1.0338889430418818,1,9.3,False,True,39.3,True
W0242,MP_8,Bhopal,Handpump installation,Vendor_2,District_Authority_1,155163.0,504,288.0,147747.0,0,1,0.9863608463762301,0.9522051004427602,1,9.3,False,True,39.3,True
W0303,MP_8,Indore,Handpump installation,Vendor_2,District_Authority_1,138695.0,417,307.0,133774.0,0,1,1.033553829453744,0.9645192688993836,1,9.1,False,True,39.1,True
W0390,MP_8,Ujjain,Drainage work,Vendor_2,District_Authority_2,844853.0,593,125.0,835509.0,0,1,0.9310868012052232,0.9889400878022567,1,9.0,False,True,39.0,True
W0309,MP_2,Bhopal,Road construction,Vendor_2,District_Authority_8,1199901.0,449,188.0,1252750.0,0,0,0.9726213873379983,1.044044467001861,1,8.9,False,True,38.9,True
W0384,MP_8,Sagar,Streetlight installation,Vendor_9,District_Authority_8,376962.0,540,601.0,383708.0,1,0,0.8968770009644779,1.017895703015158,1,38.9,False,False,38.9,False
W0110,MP_6,Gwalior,Community hall,Vendor_1,District_Authority_8,2038135.0,559,205.0,2095154.0,0,1,1.0892860805287443,1.0279760663547803,1,8.8,False,True,38.8,True
W0300,MP_7,Indore,School building,Vendor_1,District_Authority_3,2651524.0,608,260.0,2718721.0,0,0,0.8267600627325769,1.025342783998938,1,7.1,False,True,37.1,True
W0011,MP_7,Jabalpur,Community hall,Vendor_1,District_Authority_7,1739299.0,606,312.0,1718936.0,0,1,0.9048242183363178,0.9882924097581842,1,6.9,False,True,36.9,True
W0356,MP_3,Bhopal,Handpump installation,Vendor_2,District_Authority_3,167856.0,185,172.0,164612.0,0,0,1.0670494011415639,0.9806739109713087,1,6.5,False,True,36.5,True
W0009,MP_1,Ujjain,Road construction,Vendor_1,District_Authority_1,1241080.0,531,182.0,1280232.0,0,0,1.0050430310467824,1.0315467173751893,1,6.4,False,True,36.4,True
W0136,MP_1,Gwalior,Drainage work,Vendor_2,District_Authority_2,842416.0,382,175.0,856073.0,0,1,0.8896278376413567,1.0162117053807145,1,6.3,False,True,36.3,True
W0042,MP_4,Rewa,School building,Vendor_1,District_Authority_1,3022220.0,581,188.0,3139083.0,0,1,0.9373011030344809,1.0386679328440682,1,6.2,False,True,36.2,True
W0073,MP_2,Ujjain,Drainage work,Vendor_1,District_Authority_1,858336.0,308,166.0,869314.0,0,1,0.9459460055172753,1.0127898631771242,1,6.0,False,True,36.0,True
W0101,MP_10,Gwalior,Drainage work,Vendor_1,District_Authority_4,816277.0,143,224.0,787598.0,0,1,0.8620239198049108,0.964866093250208,1,6.0,False,True,36.0,True
W0003,MP_9,Ujjain,Road construction,Vendor_1,District_Authority_1,1172396.0,535,307.0,1156729.0,0,1,0.949421817632323,0.9866367677815345,1,5.7,False,True,35.7,True
W0055,MP_7,Bhopal,Handpump installation,Vendor_2,District_Authority_6,165784.0,697,177.0,169779.0,0,0,1.0538778352805562,1.0240976210008204,1,5.7,False,True,35.7,True
W0058,MP_3,Gwalior,Handpump installation,Vendor_18,District_Authority_3,128570.0,364,133.0,125928.0,0,0,0.6316172477136418,0.9794508827875865,1,35.7,False,False,35.7,False
W0296,MP_3,Jabalpur,Handpump installation,Vendor_3,District_Authority_2,185745.0,141,211.0,191829.0,0,0,1.2198918322513275,1.0327545828959057,1,34.9,False,False,34.9,False
W0077,MP_10,Bhopal,Road construction,Vendor_2,District_Authority_6,1107514.0,84,187.0,1091466.0,0,1,0.8977338990268829,0.9855098897169697,1,4.5,False,True,34.5,True
W0269,MP_6,Rewa,Road construction,Vendor_1,District_Authority_8,1372474.0,238,251.0,1396688.0,0,1,1.0712818562784745,1.0176425928651471,1,4.5,False,True,34.5,True
W0063,MP_9,Gwalior,Road construction,Vendor_2,District_Authority_6,1343379.0,669,224.0,1331936.0,0,1,1.0706255238619176,0.9914819272893204,1,4.3,False,True,34.3,True
W0215,MP_8,Indore,Handpump installation,Vendor_1,District_Authority_3,137939.0,291,177.0,137415.0,0,0,1.027920124597282,0.9962012193795808,1,4.3,False,True,34.3,True
W0252,MP_5,Satna,Drainage work,Vendor_1,District_Authority_4,877473.0,603,256.0,904113.0,0,1,0.9537065819191232,1.0303599085100055,1,3.9,False,True,33.9,True
W0273,MP_10,Gwalior,Handpump installation,Vendor_4,District_Authority_7,131223.0,677,226.0,125244.0,0,0,0.6446504635352509,0.9544363411901877,1,33.4,False,False,33.4,False
W0364,MP_2,Indore,Streetlight installation,Vendor_17,District_Authority_5,380057.0,325,172.0,396959.0,0,0,0.6594664550352646,1.044472276526942,1,32.9,False,False,32.9,False
W0121,MP_6,Indore,Drainage work,Vendor_1,District_Authority_8,1035529.0,327,262.0,1055533.0,0,0,1.0547808602614928,1.0193176627598068,1,2.5,False,True,32.5,True
W0053,MP_10,Indore,School building,Vendor_1,District_Authority_2,2930154.0,555,228.0,2892250.0,0,0,0.9136384603179571,0.9870641611328278,1,1.7,False,True,31.7,True
W0381,MP_6,Rewa,Handpump installation,Vendor_2,District_Authority_1,148777.0,617,235.0,144754.0,0,1,0.9925720077492526,0.9729595300348844,1,1.5,False,True,31.5,True
W0263,MP_4,Sagar,School building,Vendor_2,District_Authority_5,2963027.0,434,240.0,2898291.0,0,1,0.9917437997331722,0.9781520721883399,1,1.3,False,True,31.3,True
W0048,MP_1,Sagar,Streetlight installation,Vendor_1,District_Authority_7,422500.0,332,232.0,422722.0,0,1,1.0052220990643406,1.0005254437869822,1,1.1,False,True,31.1,True
W0227,MP_4,Satna,Road construction,Vendor_16,District_Authority_4,1404557.0,71,328.0,1335879.0,0,0,0.7279851106994888,0.9511034440040526,1,27.4,False,False,27.4,False
W0148,MP_2,Indore,Road construction,Vendor_17,District_Authority_7,1415690.0,489,336.0,1467876.0,0,0,1.1509757677697563,1.0368625899737938,1,26.2,False,False,26.2,False
W0092,MP_5,Rewa,Community hall,Vendor_14,District_Authority_3,2066062.0,218,166.0,2137641.0,0,0,1.1805563368272367,1.0346451364963878,1,25.8,False,False,25.8,False
W0086,MP_2,Ujjain,Road construction,Vendor_11,District_Authority_6,1445713.0,647,154.0,1507365.0,0,0,1.1707575462852813,1.0426447019567509,1,25.6,False,False,25.6,False
W0361,MP_7,Jabalpur,Road construction,Vendor_11,District_Authority_3,1231719.0,267,121.0,1205540.0,0,0,0.7439458586434382,0.9787459639739259,1,25.3,False,False,25.3,False
W0022,MP_7,Indore,Community hall,Vendor_17,District_Authority_2,1869544.0,532,297.0,1948943.0,0,0,0.683523181337216,1.0424697145400161,1,25.0,False,False,25.0,False
W0323,MP_2,Ujjain,Handpump installation,Vendor_5,District_Authority_2,130918.0,277,123.0,136911.0,0,0,0.8778774555215578,1.0457767457492477,1,23.9,False,False,23.9,False
W0249,MP_3,Jabalpur,Road construction,Vendor_12,District_Authority_5,1199698.0,567,339.0,1230588.0,0,0,0.7246054974574684,1.0257481466168985,1,23.1,False,False,23.1,False
W0126,MP_2,Rewa,School building,Vendor_7,District_Authority_8,2272931.0,88,309.0,2179409.0,0,0,0.7049191433519948,0.9588540083266935,1,21.9,False,False,21.9,False
W0087,MP_8,Gwalior,Streetlight installation,Vendor_12,District_Authority_3,470793.0,350,332.0,456029.0,0,0,1.1272825836321787,0.9686401454567082,1,21.9,False,False,21.9,False
W0363,MP_2,Gwalior,Handpump installation,Vendor_12,District_Authority_6,151330.0,342,129.0,150584.0,0,0,0.7434287788481404,0.9950703759994713,1,21.5,False,False,21.5,False
W0377,MP_5,Ujjain,Drainage work,Vendor_13,District_Authority_2,1051414.0,654,154.0,1083571.0,0,0,1.1587313982460719,1.0305845271225227,1,20.8,False,False,20.8,False
W0051,MP_9,Gwalior,Drainage work,Vendor_12,District_Authority_7,1119915.0,457,241.0,1113367.0,0,0,1.1826788187690167,0.9941531276927267,1,20.5,False,False,20.5,False
W0353,MP_2,Bhopal,Streetlight installation,Vendor_18,District_Authority_5,421683.0,227,202.0,418714.0,0,0,0.6707610902234722,0.9929591660085894,1,20.1,False,False,20.1,False
W0162,MP_4,Jabalpur,Road construction,Vendor_11,District_Authority_2,1278104.0,354,289.0,1341004.0,0,0,0.7719619310212905,1.049213522530248,1,19.3,False,False,19.3,False
W0114,MP_9,Bhopal,Drainage work,Vendor_8,District_Authority_7,799552.0,514,257.0,832686.0,0,0,0.6985138064194492,1.0414407067958056,1,18.7,False,False,18.7,False
W0241,MP_7,Gwalior,Handpump installation,Vendor_12,District_Authority_5,146253.0,373,140.0,142692.0,0,0,0.7184873402027164,0.9756517815019179,1,18.6,False,False,18.6,False
W0166,MP_8,Sagar,Drainage work,Vendor_15,District_Authority_4,892385.0,69,314.0,887211.0,0,0,0.7105204308081011,0.9942020540461797,1,18.5,False,False,18.5,False
W0219,MP_2,Satna,Drainage work,Vendor_8,District_Authority_3,1062077.0,242,320.0,1048500.0,0,0,1.1543487097664733,0.9872165577448716,1,18.3,False,False,18.3,False
W0139,MP_7,Indore,School building,Vendor_17,District_Authority_2,2402589.0,610,278.0,2282729.0,0,0,0.749140732786352,0.9501121498516808,1,18.2,False,False,18.2,False
W0010,MP_1,Satna,Road construction,Vendor_8,District_Authority_3,1337943.0,87,254.0,1384776.0,0,0,0.6934589218982257,1.0350037333429003,1,18.2,False,False,18.2,False
W0005,MP_9,Sagar,Road construction,Vendor_15,District_Authority_4,1041621.0,624,249.0,1060811.0,0,0,0.6905163603080613,1.0184232076734243,1,17.7,False,False,17.7,False
W0007,MP_2,Bhopal,Streetlight installation,Vendor_10,District_Authority_2,449680.0,329,214.0,468651.0,0,0,0.7152952503460916,1.0421877779754491,1,17.6,False,False,17.6,False
W0081,MP_6,Gwalior,Drainage work,Vendor_20,District_Authority_2,1109997.0,177,232.0,1108970.0,0,0,1.1722049805540171,0.9990747722741593,1,17.5,False,False,17.5,False
W0124,MP_2,Gwalior,Handpump installation,Vendor_12,District_Authority_3,145793.0,423,158.0,143100.0,0,0,0.7162275289407714,0.9815286056257845,1,17.5,False,False,17.5,False
W0151,MP_8,Satna,Handpump installation,Vendor_16,District_Authority_5,148894.0,554,214.0,152198.0,0,0,0.6952717527232288,1.022190283020135,1,17.5,False,False,17.5,False
W0193,MP_3,Gwalior,Streetlight installation,Vendor_20,District_Authority_6,382895.0,673,328.0,401867.0,0,0,0.9168166579788634,1.0495488319252013,1,17.3,False,False,17.3,False
W0270,MP_3,Gwalior,Community hall,Vendor_12,District_Authority_6,1716030.0,420,120.0,1676383.0,0,0,0.9171362999849084,0.9768960915601709,1,17.1,False,False,17.1,False
W0071,MP_6,Sagar,Road construction,Vendor_15,District_Authority_8,1162368.0,340,314.0,1205877.0,0,0,0.7705625373322548,1.0374313470432772,1,17.1,False,False,17.1,False
W0076,MP_2,Jabalpur,Streetlight installation,Vendor_19,District_Authority_2,391929.0,690,147.0,373119.0,0,0,0.7782972865334237,0.952006613442741,1,17.0,False,False,17.0,False
W0261,MP_2,Jabalpur,Streetlight installation,Vendor_11,District_Authority_8,386269.0,606,266.0,404686.0,0,0,0.7670575909717806,1.0476792080130686,1,17.0,False,False,17.0,False
W0094,MP_5,Gwalior,Handpump installation,Vendor_12,District_Authority_4,150459.0,193,319.0,149310.0,0,0,0.7391498753499792,0.9923633680936335,1,16.8,False,False,16.8,False
W0343,MP_7,Bhopal,Handpump installation,Vendor_18,District_Authority_5,182314.0,313,300.0,187156.0,0,0,1.1589579432354107,1.0265585747666115,1,16.7,False,False,16.7,False
W0226,MP_2,Satna,Handpump installation,Vendor_8,District_Authority_3,175824.0,290,338.0,170339.0,0,0,0.8210234170000739,0.9688040313040313,1,16.5,False,False,16.5,False
W0031,MP_5,Gwalior,Handpump installation,Vendor_3,District_Authority_8,155950.0,625,177.0,162656.0,0,0,0.7661251441311537,1.0430009618467457,1,16.5,False,False,16.5,False
W0184,MP_10,Jabalpur,Streetlight installation,Vendor_19,District_Authority_7,357078.0,300,289.0,345838.0,0,0,0.7090897547279784,0.9685222836467102,1,16.2,False,False,16.2,False
W0179,MP_10,Jabalpur,Road construction,Vendor_11,District_Authority_3,1180921.0,62,204.0,1223828.0,0,0,0.7132643787544624,1.0363335057975935,1,16.2,False,False,16.2,False
W0341,MP_8,Gwalior,School building,Vendor_20,District_Authority_1,2414286.0,553,338.0,2310232.0,0,0,0.9009021200969729,0.9569007151596787,1,16.1,False,False,16.1,False
W0276,MP_10,Ujjain,Road construction,Vendor_5,District_Authority_5,1166521.0,490,334.0,1112926.0,0,0,0.9446641647756177,0.9540556920964132,1,16.1,False,False,16.1,False
W0400,MP_6,Jabalpur,Drainage work,Vendor_19,District_Authority_2,1004667.0,539,142.0,1053223.0,0,0,1.0447009865038126,1.0483304418279888,1,15.7,False,False,15.7,False
W0218,MP_9,Rewa,Community hall,Vendor_18,District_Authority_1,1675547.0,547,121.0,1692618.0,0,0,0.9574144573114776,1.010188314622031,1,15.5,False,False,15.5,False
W0152,MP_6,Ujjain,Handpump installation,Vendor_13,District_Authority_1,171532.0,612,264.0,164718.0,0,0,1.150216744072808,0.9602756337010004,1,15.3,False,False,15.3,False
W0391,MP_4,Satna,Road construction,Vendor_18,District_Authority_1,1336288.0,616,198.0,1300415.0,0,0,0.6926011316069042,0.9731547390981585,1,15.3,False,False,15.3,False
W0079,MP_2,Rewa,Drainage work,Vendor_6,District_Authority_3,978069.0,436,152.0,929902.0,0,0,1.0674541404994689,0.9507529632367451,1,15.2,False,False,15.2,False
W0174,MP_1,Satna,School building,Vendor_8,District_Authority_4,3243689.0,60,266.0,3386695.0,0,0,1.108985731209283,1.0440874572130683,1,15.2,False,False,15.2,False
W0043,MP_3,Sagar,Community hall,Vendor_15,District_Authority_2,1678522.0,575,135.0,1606441.0,0,0,0.8471512349903761,0.9570568631212459,1,15.1,False,False,15.1,False
W0144,MP_7,Gwalior,Handpump installation,Vendor_12,District_Authority_5,159245.0,518,177.0,151300.0,0,0,0.7823122704531297,0.950108323652234,1,14.9,False,False,14.9,False
W0006,MP_8,Sagar,Community hall,Vendor_7,District_Authority_7,1803100.0,447,121.0,1789605.0,0,0,0.9100258392866744,0.9925156674615939,1,14.9,False,False,14.9,False
W0360,MP_2,Ujjain,Streetlight installation,Vendor_13,District_Authority_6,448886.0,141,337.0,452575.0,0,0,1.0951605789533179,1.008218122195836,1,14.8,False,False,14.8,False
W0134,MP_9,Ujjain,Community hall,Vendor_9,District_Authority_2,1950876.0,596,124.0,1996763.0,0,0,1.0241929784116348,1.023521228412262,1,14.8,False,False,14.8,False
W0012,MP_10,Jabalpur,Streetlight installation,Vendor_19,District_Authority_7,395997.0,266,134.0,380588.0,0,0,0.7863755694918625,0.9610880890511797,1,14.8,False,False,14.8,False
W0304,MP_2,Ujjain,School building,Vendor_5,District_Authority_7,3243202.0,626,146.0,3088185.0,0,0,0.8260043812150889,0.9522024838415862,1,14.6,False,False,14.6,False
W0217,MP_1,Rewa,School building,Vendor_14,District_Authority_7,2642105.0,522,297.0,2512755.0,0,0,0.8194135208002452,0.9510428238090461,1,14.6,False,False,14.6,False
W0372,MP_7,Bhopal,Handpump installation,Vendor_8,District_Authority_8,140946.0,549,328.0,146877.0,0,0,0.8959843252150586,1.0420799455110468,1,14.5,False,False,14.5,False
W0235,MP_3,Ujjain,Community hall,Vendor_13,District_Authority_5,2197556.0,622,266.0,2144660.0,0,0,1.1536978387485204,0.9759296236364398,1,14.5,False,False,14.5,False
W0070,MP_5,Gwalior,Road construction,Vendor_12,District_Authority_2,1062201.0,102,322.0,1017149.0,0,0,0.8465366081140562,0.9575861818996593,1,14.3,False,False,14.3,False
W0331,MP_3,Ujjain,Handpump installation,Vendor_13,District_Authority_7,136643.0,449,123.0,141144.0,0,0,0.9162667406684507,1.0329398505594871,1,14.0,False,False,14.0,False
W0378,MP_8,Gwalior,Road construction,Vendor_4,District_Authority_2,1423209.0,111,207.0,1464381.0,0,0,1.1342472088591498,1.028928990752588,1,13.9,False,False,13.9,False
W0267,MP_2,Jabalpur,Community hall,Vendor_3,District_Authority_5,1654278.0,260,308.0,1576964.0,0,0,0.8605942958979262,0.9532642034772874,1,13.8,False,False,13.8,False
W0292,MP_1,Gwalior,Handpump installation,Vendor_8,District_Authority_3,144839.0,224,204.0,139741.0,0,0,0.7115408768888245,0.9648022977236794,1,13.8,False,False,13.8,False
W0237,MP_3,Sagar,Streetlight installation,Vendor_15,District_Authority_1,474308.0,241,293.0,479536.0,0,0,1.1284849310367082,1.0110223736475032,1,13.7,False,False,13.7,False
W0131,MP_2,Rewa,Drainage work,Vendor_6,District_Authority_1,940725.0,576,124.0,952934.0,0,0,1.0266972946912365,1.0129782880225358,1,13.6,False,False,13.6,False
W0018,MP_1,Jabalpur,School building,Vendor_3,District_Authority_8,2990905.0,279,173.0,2851245.0,0,0,1.0800204022370241,0.9533051033048525,1,13.6,False,False,13.6,False
W0359,MP_8,Satna,Handpump installation,Vendor_16,District_Authority_4,177560.0,420,176.0,168886.0,0,0,0.8291297998142069,0.9511489074115792,1,13.2,False,False,13.2,False
W0312,MP_7,Jabalpur,Community hall,Vendor_3,District_Authority_2,2085127.0,72,220.0,2182303.0,0,0,1.084732071890429,1.0466043555140765,1,13.2,False,False,13.2,False
W0313,MP_9,Jabalpur,Community hall,Vendor_19,District_Authority_6,2102869.0,352,161.0,2019765.0,0,0,1.0939618772785324,0.9604806576158572,1,13.2,False,False,13.2,False
W0324,MP_4,Sagar,Road construction,Vendor_15,District_Authority_2,1203894.0,292,136.0,1170833.0,0,0,0.7980911512697163,0.9725382799482346,1,12.8,False,False,12.8,False
W0056,MP_1,Sagar,Drainage work,Vendor_15,District_Authority_3,936993.0,567,232.0,897911.0,0,0,0.7460374950544609,0.958289976552653,1,12.8,False,False,12.8,False
W0280,MP_8,Rewa,Drainage work,Vendor_14,District_Authority_2,1003005.0,294,184.0,961319.0,0,0,1.094669026614349,0.9584388911321479,1,12.8,False,False,12.8,False
W0178,MP_10,Sagar,Drainage work,Vendor_7,District_Authority_7,930583.0,532,280.0,906159.0,0,0,0.740933827958443,0.9737540874913898,1,12.6,False,False,12.6,False
W0394,MP_9,Bhopal,Community hall,Vendor_10,District_Authority_4,1986668.0,427,292.0,1956908.0,0,0,1.1239379500675437,0.9850201442817823,1,12.5,False,False,12.5,False
W0345,MP_6,Jabalpur,Community hall,Vendor_11,District_Authority_7,2110719.0,479,288.0,2184262.0,0,0,1.0980456317761433,1.0348426294547024,1,12.4,False,False,12.4,False
W0387,MP_1,Indore,School building,Vendor_17,District_Authority_1,2911405.0,446,326.0,3023674.0,0,0,0.9077924169043681,1.038561794047891,1,12.4,False,False,12.4,False
W0062,MP_10,Sagar,Drainage work,Vendor_13,District_Authority_8,948654.0,433,184.0,946792.0,0,0,0.7553220289088548,0.9980372190493056,1,12.4,False,False,12.4,False
W0256,MP_10,Rewa,School building,Vendor_14,District_Authority_8,2843844.0,476,332.0,2821127.0,0,0,0.8819801728722562,0.9920118684428542,1,12.3,False,False,12.3,False
W0260,MP_5,Jabalpur,Drainage work,Vendor_3,District_Authority_6,1033950.0,266,329.0,1049538.0,0,0,1.0751508559508942,1.0150761642245756,1,12.1,False,False,12.1,False
W0068,MP_2,Jabalpur,Handpump installation,Vendor_11,District_Authority_6,165229.0,494,310.0,168970.0,0,0,1.0851517271046573,1.022641303887332,1,12.0,False,False,12.0,False
W0216,MP_3,Jabalpur,Community hall,Vendor_19,District_Authority_7,1922777.0,320,124.0,1953599.0,0,0,1.0002737861978015,1.016029940029447,1,11.9,False,False,11.9,False
W0230,MP_4,Gwalior,Community hall,Vendor_4,District_Authority_1,2033675.0,395,305.0,2046179.0,0,0,1.08690242295986,1.0061484750513234,1,11.8,False,False,11.8,False
W0034,MP_1,Gwalior,Road construction,Vendor_12,District_Authority_8,1422410.0,530,262.0,1404713.0,0,0,1.1336104341339488,0.9875584395497782,1,11.8,False,False,11.8,False
W0299,MP_2,Ujjain,Streetlight installation,Vendor_13,District_Authority_1,398134.0,362,282.0,417954.0,0,0,0.9713394089835733,1.04978223412218,1,11.8,False,False,11.8,False
W0108,MP_7,Rewa,Drainage work,Vendor_14,District_Authority_8,785150.0,210,204.0,747976.0,0,0,0.8569043885586375,0.9526536330637457,1,11.8,False,False,11.8,False
W0316,MP_2,Gwalior,Road construction,Vendor_20,District_Authority_1,1187279.0,62,147.0,1243626.0,0,0,0.9462193478871217,1.047458937621233,1,11.8,False,False,11.8,False
W0386,MP_7,Satna,Drainage work,Vendor_17,District_Authority_8,960032.0,384,145.0,998018.0,0,0,1.043438188129982,1.0395674310856304,1,11.7,False,False,11.7,False
W0038,MP_3,Jabalpur,Streetlight installation,Vendor_11,District_Authority_4,397795.0,176,181.0,411160.0,0,0,0.789946059354024,1.033597707361832,1,11.6,False,False,11.6,False
W0183,MP_8,Sagar,Drainage work,Vendor_15,District_Authority_8,969952.0,648,251.0,1001298.0,0,0,0.7722795798934085,1.0323170631124015,1,11.6,False,False,11.6,False
W0015,MP_4,Gwalior,Streetlight installation,Vendor_7,District_Authority_6,476198.0,444,240.0,483231.0,0,0,1.1402244973066213,1.014769066648747,1,11.6,False,False,11.6,False
W0119,MP_3,Indore,School building,Vendor_17,District_Authority_2,2569782.0,583,138.0,2522138.0,0,0,0.8012724484217555,0.9814599059375465,1,11.6,False,False,11.6,False
W0346,MP_5,Bhopal,School building,Vendor_18,District_Authority_1,2946822.0,441,242.0,3094029.0,0,0,1.037963802709168,1.0499544933491063,1,11.4,False,False,11.4,False
W0246,MP_3,Gwalior,Streetlight installation,Vendor_4,District_Authority_8,371969.0,450,140.0,359498.0,0,0,0.890655076330952,0.9664730125359909,1,11.4,False,False,11.4,False
W0357,MP_1,Gwalior,Handpump installation,Vendor_12,District_Authority_5,161639.0,118,152.0,158176.0,0,0,0.7940731142816002,0.9785757150192713,1,11.3,False,False,11.3,False
W0029,MP_5,Sagar,Community hall,Vendor_7,District_Authority_4,1868154.0,251,168.0,1782892.0,0,0,0.9428586388812367,0.9543602936374624,1,11.3,False,False,11.3,False
W0017,MP_8,Rewa,Handpump installation,Vendor_14,District_Authority_1,156716.0,623,131.0,152826.0,0,0,1.0455373798801688,0.9751780290461727,1,11.2,False,False,11.2,False
W0272,MP_3,Ujjain,Road construction,Vendor_13,District_Authority_8,1168295.0,108,165.0,1115663.0,0,0,0.9461007734850296,0.9549497344420715,1,11.2,False,False,11.2,False
W0302,MP_3,Rewa,Community hall,Vendor_14,District_Authority_8,1656155.0,349,164.0,1731529.0,0,0,0.9463337886366006,1.0455114406562187,1,11.1,False,False,11.1,False
W0176,MP_5,Satna,Road construction,Vendor_8,District_Authority_5,1404576.0,440,221.0,1380282.0,0,0,0.7279949584430145,0.9827036771239149,1,11.1,False,False,11.1,False
W0287,MP_10,Rewa,Handpump installation,Vendor_6,District_Authority_3,126550.0,304,149.0,121868.0,0,0,0.8442836431751407,0.9630027657052549,1,10.9,False,False,10.9,False
W0065,MP_1,Bhopal,Drainage work,Vendor_10,District_Authority_5,951401.0,505,312.0,967737.0,0,0,0.8311738747964739,1.0171704675525883,1,10.8,False,False,10.8,False
W0307,MP_8,Rewa,Community hall,Vendor_6,District_Authority_7,1838872.0,118,334.0,1879447.0,0,0,1.0507390350406591,1.022065157335584,1,10.8,False,False,10.8,False
W0318,MP_5,Rewa,Streetlight installation,Vendor_6,District_Authority_2,445424.0,457,257.0,424553.0,0,0,1.0805967811193753,0.9531435216782213,1,10.6,False,False,10.6,False
W0161,MP_8,Ujjain,Streetlight installation,Vendor_13,District_Authority_4,421556.0,591,307.0,402169.0,0,0,1.0284827618175771,0.9540108550228202,1,10.6,False,False,10.6,False
W0297,MP_9,Sagar,Community hall,Vendor_17,District_Authority_8,2107709.0,206,182.0,2188532.0,0,0,1.063762216015239,1.0383463751400217,1,10.6,False,False,10.6,False
W0376,MP_7,Gwalior,Community hall,Vendor_12,District_Authority_3,1637005.0,673,157.0,1573470.0,0,0,0.8749012014689691,0.9611882675984496,1,10.5,False,False,10.5,False
W0336,MP_9,Bhopal,Handpump installation,Vendor_18,District_Authority_5,168542.0,688,213.0,175595.0,0,0,1.071410257406357,1.0418471360254418,1,10.4,False,False,10.4,False
W0143,MP_6,Bhopal,Road construction,Vendor_10,District_Authority_2,1312881.0,344,323.0,1345657.0,0,0,1.0642012462942347,1.0249649435097317,1,10.3,False,False,10.3,False
W0306,MP_10,Sagar,Road construction,Vendor_15,District_Authority_2,1125503.0,219,233.0,1096457.0,0,0,0.7461238157408538,0.9741928719870138,1,10.1,False,False,10.1,False
W0059,MP_3,Ujjain,Road construction,Vendor_5,District_Authority_8,1232606.0,417,323.0,1184135.0,0,0,0.9981806735475958,0.960675998656505,1,10.1,False,False,10.1,False
W0195,MP_1,Sagar,Road construction,Vendor_15,District_Authority_8,1300285.0,601,142.0,1287193.0,0,0,0.8619911326318953,0.9899314381077995,1,10.1,False,False,10.1,False
W0344,MP_6,Ujjain,Road construction,Vendor_13,District_Authority_6,1132807.0,674,285.0,1077309.0,0,0,0.9173621207907728,0.9510084242064182,1,10.0,False,False,10.0,False
W0239,MP_6,Rewa,Community hall,Vendor_6,District_Authority_7,1651965.0,287,303.0,1577049.0,0,0,0.9439396053781571,0.9546503709219021,1,10.0,False,False,10.0,False
W0347,MP_6,Sagar,Community hall,Vendor_15,District_Authority_5,1774584.0,630,150.0,1819628.0,0,0,0.8956337940129243,1.0253828502905469,1,10.0,False,False,10.0,False
W0236,MP_5,Bhopal,Streetlight installation,Vendor_10,District_Authority_4,486396.0,415,189.0,492776.0,0,0,0.7736985158053229,1.0131168841849028,1,9.9,False,False,9.9,False
W0211,MP_5,Gwalior,Drainage work,Vendor_12,District_Authority_2,839353.0,653,299.0,869533.0,0,0,0.8863931767770147,1.0359562663146495,1,9.9,False,False,9.9,False
W0090,MP_6,Sagar,Handpump installation,Vendor_15,District_Authority_3,144784.0,559,134.0,150266.0,0,0,0.9620359142178442,1.037863299812134,1,9.9,False,False,9.9,False
W0140,MP_7,Rewa,School building,Vendor_14,District_Authority_2,2943782.0,292,136.0,2830695.0,0,0,0.91297460664447,0.9615844515660467,1,9.9,False,False,9.9,False
W0350,MP_7,Rewa,Handpump installation,Vendor_14,District_Authority_2,164268.0,477,288.0,159262.0,0,0,1.0959208652476808,0.9695254096963498,1,9.9,False,False,9.9,False
W0396,MP_7,Ujjain,Streetlight installation,Vendor_13,District_Authority_7,396488.0,549,333.0,406728.0,0,0,0.9673236136302829,1.0258267589435242,1,9.8,False,False,9.8,False
W0102,MP_8,Rewa,Streetlight installation,Vendor_14,District_Authority_1,336625.0,274,298.0,326860.0,0,0,0.8166508572602951,0.9709914593390271,1,9.8,False,False,9.8,False
W0149,MP_2,Satna,Drainage work,Vendor_8,District_Authority_4,910926.0,595,179.0,953513.0,0,0,0.990065930052844,1.046751327769764,1,9.7,False,False,9.7,False
W0045,MP_2,Indore,Road construction,Vendor_17,District_Authority_5,1233752.0,149,127.0,1219613.0,0,0,1.00305762945099,0.9885398362069524,1,9.6,False,False,9.6,False
W0072,MP_10,Ujjain,Handpump installation,Vendor_5,District_Authority_3,166178.0,593,268.0,166988.0,0,0,1.1143152187144736,1.0048742914224507,1,9.6,False,False,9.6,False
W0222,MP_7,Satna,Streetlight installation,Vendor_8,District_Authority_7,419171.0,294,208.0,437505.0,0,0,1.0325604195559583,1.0437387128403444,1,9.5,False,False,9.5,False
W0311,MP_6,Ujjain,Handpump installation,Vendor_19,District_Authority_8,138449.0,530,337.0,139344.0,0,0,0.9283769675636976,1.006464474282949,1,9.5,False,False,9.5,False
W0025,MP_4,Jabalpur,Community hall,Vendor_11,District_Authority_6,1840686.0,569,336.0,1870782.0,0,0,0.9575681186228495,1.0163504258738318,1,9.4,False,False,9.4,False
W0132,MP_10,Indore,Road construction,Vendor_9,District_Authority_1,1362468.0,121,264.0,1315312.0,0,0,1.1077055374847065,0.965389278867467,1,9.3,False,False,9.3,False
W0169,MP_4,Gwalior,Streetlight installation,Vendor_9,District_Authority_2,416571.0,79,145.0,397382.0,0,0,0.9974516043064368,0.9539358236651135,1,9.2,False,False,9.2,False
W0189,MP_10,Sagar,Community hall,Vendor_7,District_Authority_1,1701228.0,379,154.0,1717738.0,0,0,0.8586109691741947,1.0097047544479634,1,9.2,False,False,9.2,False
W0380,MP_3,Rewa,Road construction,Vendor_14,District_Authority_7,1319398.0,146,328.0,1298918.0,0,0,1.0298534898366793,0.9844777694069569,1,9.2,False,False,9.2,False
W0382,MP_5,Indore,Drainage work,Vendor_9,District_Authority_2,936948.0,348,277.0,891893.0,0,0,0.9543671084636791,0.9519130197193441,1,9.0,False,False,9.0,False
W0388,MP_9,Satna,Handpump installation,Vendor_16,District_Authority_6,169974.0,152,205.0,175810.0,0,0,0.7937064011805587,1.034334662948451,1,8.9,False,False,8.9,False
W0027,MP_8,Satna,Drainage work,Vendor_16,District_Authority_7,991321.0,519,306.0,978208.0,0,0,1.077445531081466,0.9867721958881129,1,8.9,False,False,8.9,False
W0186,MP_10,Rewa,Drainage work,Vendor_14,District_Authority_1,926756.0,696,289.0,963829.0,0,0,1.0114516761422003,1.0400029781301658,1,8.8,False,False,8.8,False
W0233,MP_1,Bhopal,Road construction,Vendor_18,District_Authority_3,1310175.0,177,164.0,1267396.0,0,0,1.062007804106807,0.9673486366325109,1,8.8,False,False,8.8,False
W0379,MP_5,Satna,Streetlight installation,Vendor_8,District_Authority_4,441429.0,156,232.0,423885.0,0,0,1.087389426854833,0.9602563492656804,1,8.8,False,False,8.8,False
W0146,MP_6,Sagar,School building,Vendor_7,District_Authority_3,3273953.0,499,211.0,3349670.0,0,0,1.095812690322369,1.0231270882630263,1,8.7,False,False,8.7,False
W0040,MP_7,Ujjain,Drainage work,Vendor_13,District_Authority_8,997484.0,135,273.0,983118.0,0,0,1.0992967851370485,0.985597763974159,1,8.6,False,False,8.6,False
W0334,MP_10,Bhopal,Drainage work,Vendor_10,District_Authority_7,951310.0,381,174.0,973082.0,0,0,0.8310943743307329,1.0228863356844773,1,8.6,False,False,8.6,False
W0208,MP_3,Gwalior,Drainage work,Vendor_12,District_Authority_7,960107.0,657,252.0,913161.0,0,0,1.0139146387465694,0.9511033666039306,1,8.5,False,False,8.5,False
W0214,MP_3,Sagar,Community hall,Vendor_7,District_Authority_5,1832257.0,67,196.0,1747611.0,0,0,0.9247413977116544,0.9538023323147353,1,8.5,False,False,8.5,False
W0337,MP_1,Sagar,Road construction,Vendor_20,District_Authority_2,1271643.0,141,187.0,1315804.0,0,0,0.8430036414120146,1.0347275139327625,1,8.5,False,False,8.5,False
W0125,MP_9,Gwalior,Road construction,Vendor_4,District_Authority_5,1347740.0,509,174.0,1342611.0,0,0,1.0741010865360117,0.9961943698339443,1,8.5,False,False,8.5,False
W0220,MP_9,Rewa,Handpump installation,Vendor_20,District_Authority_2,140011.0,347,298.0,145428.0,0,0,0.9340892703642405,1.0386898172286463,1,8.4,False,False,8.4,False
W0288,MP_5,Ujjain,School building,Vendor_4,District_Authority_3,3054347.0,260,232.0,2928570.0,0,0,0.7779052935189246,0.9588203304994488,1,8.4,False,False,8.4,False
W0397,MP_6,Bhopal,Community hall,Vendor_18,District_Authority_8,1693047.0,296,306.0,1754253.0,0,0,0.957824747037756,1.0361513885911022,1,8.4,False,False,8.4,False
W0019,MP_2,Indore,Road construction,Vendor_9,District_Authority_5,1092445.0,498,322.0,1078205.0,0,0,0.8881730623379633,0.9869650188339001,1,8.3,False,False,8.3,False
W0328,MP_10,Bhopal,Handpump installation,Vendor_6,District_Authority_5,137579.0,657,309.0,137024.0,0,0,0.8745805306909209,0.995965954106368,1,8.3,False,False,8.3,False
W0395,MP_5,Gwalior,School building,Vendor_4,District_Authority_3,2558856.0,151,128.0,2519696.0,0,0,0.9548490922048423,0.9846962861528745,1,8.3,False,False,8.3,False
W0028,MP_6,Rewa,Streetlight installation,Vendor_14,District_Authority_5,429976.0,285,140.0,430090.0,0,0,1.0431199970333536,1.0002651310770834,1,8.3,False,False,8.3,False
W0182,MP_5,Jabalpur,Handpump installation,Vendor_11,District_Authority_5,128100.0,432,171.0,130279.0,0,0,0.8413047118974673,1.0170101483216238,1,8.2,False,False,8.2,False
W0004,MP_3,Rewa,Streetlight installation,Vendor_14,District_Authority_4,435603.0,544,170.0,443457.0,0,0,1.0567710757524138,1.0180301788555175,1,8.2,False,False,8.2,False
W0240,MP_5,Bhopal,School building,Vendor_18,District_Authority_4,2824445.0,698,262.0,2689387.0,0,0,0.9948587572452277,0.9521824641655263,1,8.2,False,False,8.2,False
W0096,MP_4,Gwalior,Community hall,Vendor_8,District_Authority_5,1931052.0,663,150.0,1951659.0,0,0,1.0320553174236216,1.0106713853381473,1,8.1,False,False,8.1,False
W0120,MP_1,Jabalpur,Handpump installation,Vendor_3,District_Authority_2,160305.0,377,199.0,166284.0,0,0,1.052813051059512,1.03729765135211,1,8.1,False,False,8.1,False
W0142,MP_4,Ujjain,Streetlight installation,Vendor_13,District_Authority_4,403373.0,251,136.0,414304.0,0,0,0.984121153731987,1.0270989877854988,1,8.0,False,False,8.0,False
W0373,MP_1,Jabalpur,Streetlight installation,Vendor_11,District_Authority_4,443615.0,627,306.0,441589.0,0,0,0.8809359622929783,0.9954329767929398,1,8.0,False,False,8.0,False
W0069,MP_7,Rewa,Road construction,Vendor_5,District_Authority_2,1287332.0,197,303.0,1331370.0,0,0,1.004824437189106,1.0342087355864689,1,8.0,False,False,8.0,False
W0054,MP_9,Indore,Community hall,Vendor_9,District_Authority_5,2131461.0,504,227.0,2143909.0,0,0,0.7792825435593941,1.0058401256227536,1,8.0,False,False,8.0,False
W0229,MP_8,Gwalior,Drainage work,Vendor_4,District_Authority_6,1004177.0,464,321.0,1016185.0,0,0,1.0604544703794616,1.011958051220054,1,8.0,False,False,8.0,False
W0088,MP_4,Jabalpur,Handpump installation,Vendor_18,District_Authority_1,168819.0,354,223.0,166742.0,0,0,1.1087292752366784,0.9876968824599127,1,8.0,False,False,8.0,False
W0355,MP_7,Gwalior,Road construction,Vendor_19,District_Authority_2,1283535.0,578,325.0,1299563.0,0,0,1.022931973605443,1.0124873883454677,1,7.9,False,False,7.9,False
W0039,MP_10,Gwalior,Road construction,Vendor_12,District_Authority_2,1140095.0,177,167.0,1103939.0,0,0,0.9086153696219406,0.9682868532885417,1,7.9,False,False,7.9,False
W0064,MP_6,Ujjain,Road construction,Vendor_5,District_Authority_4,1151739.0,496,142.0,1182719.0,0,0,0.932693505281521,1.0268984552923883,1,7.9,False,False,7.9,False
W0032,MP_6,Satna,Streetlight installation,Vendor_8,District_Authority_7,365297.0,163,280.0,352023.0,0,0,0.899850475301328,0.963662444531436,1,7.8,False,False,7.8,False
W0286,MP_2,Sagar,Road construction,Vendor_15,District_Authority_5,1287886.0,134,164.0,1272973.0,0,0,0.8537715284270457,0.9884205589625169,1,7.8,False,False,7.8,False
W0194,MP_10,Gwalior,Streetlight installation,Vendor_15,District_Authority_4,344122.0,267,225.0,330242.0,0,0,0.8239772835294334,0.9596654674795567,1,7.7,False,False,7.7,False
W0392,MP_3,Jabalpur,Drainage work,Vendor_11,District_Authority_3,798743.0,118,302.0,788325.0,0,0,0.8305713236953287,0.9869570061959855,1,7.7,False,False,7.7,False
W0315,MP_4,Ujjain,Road construction,Vendor_5,District_Authority_7,1242872.0,518,173.0,1290121.0,0,0,1.006494216394734,1.0380159823376824,1,7.7,False,False,7.7,False
W0212,MP_1,Ujjain,School building,Vendor_13,District_Authority_1,3071609.0,188,249.0,3052443.0,0,0,0.7823017164455677,0.9937602735243971,1,7.6,False,False,7.6,False
W0203,MP_5,Ujjain,Drainage work,Vendor_5,District_Authority_2,914959.0,71,151.0,880376.0,0,0,1.008348492038177,0.9622026779342026,1,7.5,False,False,7.5,False
W0137,MP_6,Ujjain,Handpump installation,Vendor_13,District_Authority_8,137626.0,630,178.0,132952.0,0,0,0.9228582982753321,0.9660383939081278,1,7.4,False,False,7.4,False
W0168,MP_5,Gwalior,Community hall,Vendor_4,District_Authority_7,1728732.0,691,163.0,1719461.0,0,0,0.9239249139849016,0.9946371097428636,1,7.3,False,False,7.3,False
W0116,MP_4,Jabalpur,Drainage work,Vendor_19,District_Authority_1,953581.0,114,230.0,996882.0,0,0,0.9915793107679381,1.0454088326004818,1,7.2,False,False,7.2,False
W0180,MP_10,Rewa,School building,Vendor_14,District_Authority_1,3176792.0,359,134.0,3143234.0,0,0,0.9852395410364284,0.9894365133128011,1,7.2,False,False,7.2,False
W0340,MP_7,Ujjain,Handpump installation,Vendor_5,District_Authority_7,145851.0,191,142.0,145506.0,0,0,0.978011463399034,0.9976345722689595,1,7.2,False,False,7.2,False
W0293,MP_6,Indore,Drainage work,Vendor_17,District_Authority_3,1049379.0,326,173.0,1052883.0,0,0,1.0688883501672526,1.003339117706758,1,7.2,False,False,7.2,False
W0104,MP_1,Bhopal,School building,Vendor_18,District_Authority_2,2694564.0,323,276.0,2580181.0,0,0,0.9491105659192265,0.9575504608537782,1,7.2,False,False,7.2,False
W0099,MP_3,Ujjain,Road construction,Vendor_13,District_Authority_7,1367014.0,445,254.0,1346092.0,0,0,1.1070260531499871,0.9846951091941999,1,7.1,False,False,7.1,False
W0198,MP_1,Jabalpur,School building,Vendor_11,District_Authority_3,2658962.0,255,329.0,2663131.0,0,0,0.9601552736623069,1.0015679050697226,1,7.1,False,False,7.1,False
W0171,MP_9,Jabalpur,Handpump installation,Vendor_7,District_Authority_2,134424.0,554,290.0,134274.0,0,0,0.8828379749578855,0.9988841278343153,1,7.1,False,False,7.1,False
W0145,MP_4,Rewa,School building,Vendor_6,District_Authority_1,2656379.0,216,194.0,2582205.0,0,0,0.8238404109487831,0.9720770266592229,1,7.0,False,False,7.0,False
W0050,MP_3,Sagar,Streetlight installation,Vendor_7,District_Authority_2,417901.0,455,144.0,420145.0,0,0,0.9942800483339336,1.0053696928219842,1,7.0,False,False,7.0,False
W0046,MP_3,Bhopal,School building,Vendor_10,District_Authority_1,2866975.0,552,194.0,2975195.0,0,0,1.0098391668285758,1.0377471027825496,1,6.9,False,False,6.9,False
W0351,MP_4,Rewa,Drainage work,Vendor_17,District_Authority_5,925725.0,234,228.0,967113.0,0,0,1.0103264536692922,1.04470874179697,1,6.9,False,False,6.9,False
W0199,MP_6,Rewa,Handpump installation,Vendor_10,District_Authority_4,153672.0,620,161.0,154282.0,0,0,1.0252292059582002,1.0039694934666041,1,6.7,False,False,6.7,False
W0163,MP_3,Rewa,School building,Vendor_6,District_Authority_5,2900616.0,579,219.0,3019260.0,0,0,0.8995872492007411,1.040903035768954,1,6.7,False,False,6.7,False
W0204,MP_4,Ujjain,Community hall,Vendor_5,District_Authority_2,2098899.0,102,249.0,2130424.0,0,0,1.1019037694836586,1.0150197794176852,1,6.7,False,False,6.7,False
W0192,MP_2,Ujjain,Community hall,Vendor_5,District_Authority_4,1905539.0,289,319.0,1934290.0,0,0,1.0003914466575672,1.0150881194244779,1,6.7,False,False,6.7,False
W0173,MP_2,Ujjain,Streetlight installation,Vendor_13,District_Authority_1,444862.0,473,233.0,433480.0,0,0,1.085343105987558,0.9744145375419793,1,6.7,False,False,6.7,False
W0115,MP_10,Ujjain,School building,Vendor_13,District_Authority_6,3043946.0,351,234.0,2966431.0,0,0,0.7752562844319117,0.9745346993672029,1,6.7,False,False,6.7,False
W0291,MP_7,Ujjain,Community hall,Vendor_13,District_Authority_4,2088993.0,696,260.0,2115363.0,0,0,1.0967032054067283,1.0126233070192192,1,6.6,False,False,6.6,False
W0109,MP_2,Jabalpur,Drainage work,Vendor_5,District_Authority_2,911409.0,445,314.0,919638.0,0,0,0.9477268402450297,1.0090288772658598,1,6.6,False,False,6.6,False
W0165,MP_4,Satna,Streetlight installation,Vendor_8,District_Authority_2,408837.0,87,185.0,423473.0,0,0,1.0071042706914348,1.0357991082020463,1,6.4,False,False,6.4,False
W0330,MP_6,Ujjain,Handpump installation,Vendor_5,District_Authority_1,154717.0,149,309.0,155793.0,0,0,1.0374628873487899,1.0069546332982156,1,6.4,False,False,6.4,False
W0253,MP_7,Sagar,Streetlight installation,Vendor_7,District_Authority_5,440546.0,161,178.0,425666.0,0,0,1.0481575736198792,0.9662237314605058,1,6.4,False,False,6.4,False
W0279,MP_6,Rewa,School building,Vendor_14,District_Authority_1,2770656.0,513,274.0,2837423.0,0,0,0.8592818937499926,1.0240979031680584,1,6.4,False,False,6.4,False
W0016,MP_3,Gwalior,Road construction,Vendor_20,District_Authority_7,1166184.0,284,170.0,1139294.0,0,0,0.9294073793913604,0.9769418891015483,1,6.3,False,False,6.3,False
W0277,MP_4,Bhopal,Community hall,Vendor_10,District_Authority_6,1593993.0,471,287.0,1634031.0,0,0,0.9017859173460357,1.0251180525886876,1,6.3,False,False,6.3,False
W0289,MP_1,Sagar,Handpump installation,Vendor_4,District_Authority_5,154193.0,548,168.0,154691.0,0,0,1.0245552251698533,1.0032297185994177,1,6.3,False,False,6.3,False
W0367,MP_10,Satna,Streetlight installation,Vendor_16,District_Authority_2,391750.0,566,204.0,407990.0,0,0,0.9650131911822305,1.0414550095724313,1,6.2,False,False,6.2,False
W0160,MP_3,Jabalpur,Handpump installation,Vendor_11,District_Authority_3,125098.0,412,254.0,124630.0,0,0,0.8215888903118607,0.9962589329965307,1,6.2,False,False,6.2,False
W0074,MP_1,Jabalpur,Streetlight installation,Vendor_8,District_Authority_2,474534.0,312,299.0,460742.0,0,0,0.9423352815633741,0.9709356969152896,1,6.1,False,False,6.1,False
W0083,MP_1,Gwalior,Streetlight installation,Vendor_20,District_Authority_4,419227.0,379,157.0,422633.0,0,0,1.0038112199806866,1.0081244767154787,1,6.1,False,False,6.1,False
W0082,MP_2,Jabalpur,Streetlight installation,Vendor_11,District_Authority_7,422633.0,359,252.0,409406.0,0,0,0.8392696562374319,0.9687033430896309,1,6.1,False,False,6.1,False
W0106,MP_7,Satna,Drainage work,Vendor_8,District_Authority_3,816996.0,387,173.0,803864.0,0,0,0.8879754278497413,0.9839264818922002,1,6.1,False,False,6.1,False
W0283,MP_9,Gwalior,Handpump installation,Vendor_20,District_Authority_7,159299.0,177,219.0,157594.0,0,0,0.7825775526447494,0.989296856854092,1,5.8,False,False,5.8,False
W0130,MP_2,Satna,Streetlight installation,Vendor_16,District_Authority_1,384912.0,634,173.0,389059.0,0,0,0.9481688766926221,1.0107738911751258,1,5.8,False,False,5.8,False
W0181,MP_5,Rewa,Streetlight installation,Vendor_14,District_Authority_7,444549.0,183,262.0,433145.0,0,0,1.0784740347395676,0.9743470348600491,1,5.7,False,False,5.7,False
W0014,MP_7,Ujjain,Handpump installation,Vendor_13,District_Authority_3,155919.0,616,181.0,157999.0,0,0,1.0455229608416396,1.0133402600067984,1,5.7,False,False,5.7,False
W0319,MP_6,Sagar,Handpump installation,Vendor_7,District_Authority_4,158516.0,437,307.0,156893.0,0,0,1.0532799548165253,0.9897612859269727,1,5.5,False,False,5.5,False
W0298,MP_7,Ujjain,Handpump installation,Vendor_13,District_Authority_8,159928.0,625,257.0,154082.0,0,0,1.0724055187724508,0.9634460507228253,1,5.5,False,False,5.5,False
W0354,MP_8,Jabalpur,Drainage work,Vendor_3,District_Authority_5,1001629.0,651,242.0,1039624.0,0,0,1.0415419282317697,1.037933206806113,1,5.5,False,False,5.5,False
W0335,MP_9,Rewa,Handpump installation,Vendor_6,District_Authority_5,135982.0,324,301.0,134593.0,0,0,0.9072096275483366,0.9897854127752203,1,5.4,False,False,5.4,False
W0310,MP_1,Gwalior,Drainage work,Vendor_20,District_Authority_3,893987.0,511,219.0,930390.0,0,0,0.9440890506465731,1.0407198314964312,1,5.4,False,False,5.4,False
W0232,MP_6,Gwalior,Drainage work,Vendor_20,District_Authority_5,974802.0,409,302.0,997759.0,0,0,1.0294331961744194,1.0235504235731974,1,5.4,False,False,5.4,False
W0257,MP_2,Indore,School building,Vendor_17,District_Authority_2,3111241.0,332,188.0,3206505.0,0,0,0.9701024031221912,1.0306192930730855,1,5.4,False,False,5.4,False
W0332,MP_1,Jabalpur,Drainage work,Vendor_11,District_Authority_3,973009.0,579,260.0,1007475.0,0,0,1.0117814780191727,1.0354220772880827,1,5.4,False,False,5.4,False
W0089,MP_7,Ujjain,Handpump installation,Vendor_5,District_Authority_7,142070.0,562,313.0,142688.0,0,0,0.9526577713221079,1.0043499683254733,1,5.3,False,False,5.3,False
W0352,MP_4,Indore,Road construction,Vendor_9,District_Authority_8,1078576.0,102,235.0,1038063.0,0,0,0.8768973713864141,0.9624384373470205,1,5.3,False,False,5.3,False
W0133,MP_9,Rewa,Handpump installation,Vendor_5,District_Authority_1,145422.0,676,303.0,142013.0,0,0,0.9701889842577267,0.9765578798256109,1,5.1,False,False,5.1,False
W0258,MP_1,Sagar,Streetlight installation,Vendor_15,District_Authority_4,371917.0,307,275.0,378673.0,0,0,0.8848738163732836,1.0181653433427351,1,5.1,False,False,5.1,False
W0371,MP_10,Rewa,School building,Vendor_6,District_Authority_2,3181902.0,378,196.0,3273150.0,0,0,0.9868243391770357,1.0286771874180916,1,5.0,False,False,5.0,False
W0339,MP_9,Rewa,Road construction,Vendor_14,District_Authority_5,1323043.0,158,195.0,1357281.0,0,0,1.0326985873511934,1.0258782216451015,1,5.0,False,False,5.0,False
W0060,MP_4,Satna,Drainage work,Vendor_16,District_Authority_2,862369.0,100,311.0,858337.0,0,0,0.9372903682996655,0.9953245072584938,1,4.9,False,False,4.9,False
W0207,MP_8,Gwalior,Road construction,Vendor_4,District_Authority_1,1301425.0,183,285.0,1291806.0,0,0,1.03718967051889,0.9926088710452005,1,4.9,False,False,4.9,False
W0333,MP_1,Satna,Streetlight installation,Vendor_8,District_Authority_3,426985.0,152,205.0,431386.0,0,0,1.0518089532532091,1.0103071536470836,1,4.8,False,False,4.8,False
W0250,MP_9,Ujjain,Drainage work,Vendor_13,District_Authority_7,886093.0,613,179.0,903452.0,0,0,0.976536151188834,1.0195904944514853,1,4.7,False,False,4.7,False
W0095,MP_10,Rewa,School building,Vendor_14,District_Authority_5,3016234.0,682,223.0,3128475.0,0,0,0.9354446252126266,1.037212298515301,1,4.6,False,False,4.6,False
W0254,MP_1,Ujjain,Handpump installation,Vendor_13,District_Authority_4,146936.0,286,308.0,144538.0,0,0,0.9852869873089691,0.9836799695105352,1,4.6,False,False,4.6,False
W0138,MP_5,Jabalpur,Drainage work,Vendor_19,District_Authority_2,907360.0,66,252.0,941918.0,0,0,0.9435164956289989,1.0380863163463234,1,4.6,False,False,4.6,False
W0067,MP_9,Ujjain,Community hall,Vendor_5,District_Authority_1,1633405.0,288,204.0,1656168.0,0,0,0.8575234571046322,1.013935919138242,1,4.5,False,False,4.5,False
W0369,MP_7,Gwalior,School building,Vendor_20,District_Authority_1,2789952.0,106,182.0,2749769.0,0,0,1.041083646166523,0.985597243250063,1,4.5,False,False,4.5,False
W0368,MP_9,Sagar,Community hall,Vendor_15,District_Authority_3,1642366.0,102,240.0,1670397.0,0,0,0.8289032763384716,1.0170674502516492,1,4.4,False,False,4.4,False
W0147,MP_3,Jabalpur,Drainage work,Vendor_19,District_Authority_1,1008394.0,586,281.0,979464.0,0,0,1.0485765000587515,0.9713108170020845,1,4.4,False,False,4.4,False
W0057,MP_10,Rewa,Road construction,Vendor_13,District_Authority_4,1100263.0,208,199.0,1103311.0,0,0,0.8588081005793357,1.0027702467500952,1,4.3,False,False,4.3,False
W0177,MP_2,Jabalpur,Streetlight installation,Vendor_19,District_Authority_5,473306.0,403,173.0,480362.0,0,0,0.9398967045051236,1.0149079031324344,1,4.3,False,False,4.3,False
W0205,MP_3,Sagar,Handpump installation,Vendor_15,District_Authority_2,136878.0,312,278.0,139547.0,0,0,0.9095034801242545,1.0194991160011104,1,4.2,False,False,4.2,False
W0200,MP_10,Jabalpur,Drainage work,Vendor_19,District_Authority_6,1017504.0,585,192.0,999446.0,0,0,1.0580495154828171,0.9822526496210334,1,4.2,False,False,4.2,False
W0052,MP_9,Jabalpur,Drainage work,Vendor_3,District_Authority_2,891525.0,578,293.0,909442.0,0,0,0.927050502298584,1.0200970247609433,1,4.2,False,False,4.2,False
W0112,MP_6,Indore,Drainage work,Vendor_9,District_Authority_6,872485.0,168,217.0,852619.0,0,0,0.8887056556264947,0.9772305541069474,1,4.2,False,False,4.2,False
W0170,MP_5,Rewa,Handpump installation,Vendor_14,District_Authority_1,147086.0,335,300.0,146790.0,0,0,0.9812904301861616,0.9979875718967135,1,4.1,False,False,4.1,False
W0295,MP_4,Jabalpur,Handpump installation,Vendor_19,District_Authority_8,150388.0,161,194.0,145925.0,0,0,0.9876825371806113,0.9703234300609092,1,4.1,False,False,4.1,False
W0164,MP_2,Gwalior,School building,Vendor_12,District_Authority_7,2776699.0,377,179.0,2750326.0,0,0,1.0361382271906248,0.9905020313689025,1,4.1,False,False,4.1,False
W0349,MP_1,Ujjain,Handpump installation,Vendor_5,District_Authority_1,151925.0,548,246.0,156901.0,0,0,1.0187409861906893,1.0327530031265426,1,3.9,False,False,3.9,False
W0320,MP_1,Gwalior,Road construction,Vendor_20,District_Authority_8,1234809.0,234,281.0,1195510.0,0,0,0.9840990759081469,0.9681740252946002,1,3.9,False,False,3.9,False
W0223,MP_5,Ujjain,Drainage work,Vendor_13,District_Authority_7,798547.0,466,207.0,785961.0,0,0,0.8800543666673699,0.9842388738546385,1,3.8,False,False,3.8,False
W0020,MP_5,Sagar,Road construction,Vendor_11,District_Authority_4,1404540.0,203,216.0,1355481.0,0,0,0.9311043543736968,0.9650711264898116,1,3.8,False,False,3.8,False
W0255,MP_6,Gwalior,Road construction,Vendor_4,District_Authority_3,1347646.0,423,227.0,1322588.0,0,0,1.0740261718624586,0.9814060962597002,1,3.8,False,False,3.8,False
W0008,MP_8,Sagar,Streetlight installation,Vendor_15,District_Authority_5,415355.0,276,307.0,417128.0,0,0,0.9882225442766134,1.0042686376713896,1,3.8,False,False,3.8,False
W0013,MP_7,Ujjain,Community hall,Vendor_13,District_Authority_1,1777670.0,544,270.0,1796232.0,0,0,0.9332613307729506,1.0104417580315808,1,3.7,False,False,3.7,False
W0268,MP_1,Indore,Handpump installation,Vendor_17,District_Authority_8,125943.0,497,195.0,125495.0,0,0,0.9385260459489737,0.9964428352508674,1,3.7,False,False,3.7,False
W0078,MP_4,Ujjain,Road construction,Vendor_5,District_Authority_7,1283952.0,428,202.0,1268387.0,0,0,1.039761344795322,0.9878772726706294,1,3.7,False,False,3.7,False
W0228,MP_4,Bhopal,Road construction,Vendor_18,District_Authority_3,1256764.0,270,220.0,1209600.0,0,0,1.0187136649077317,0.9624718722051236,1,3.6,False,False,3.6,False
W0264,MP_5,Rewa,Community hall,Vendor_6,District_Authority_5,1629599.0,379,280.0,1624509.0,0,0,0.9311595808534923,0.9968765322020939,1,3.5,False,False,3.5,False
W0156,MP_9,Sagar,Road construction,Vendor_8,District_Authority_2,1317999.0,377,203.0,1296839.0,0,0,0.873734181981416,0.9839453595943548,1,3.5,False,False,3.5,False
W0197,MP_6,Ujjain,Road construction,Vendor_13,District_Authority_4,1226282.0,173,185.0,1211678.0,0,0,0.9930594145406504,0.9880908306572224,1,3.5,False,False,3.5,False
W0209,MP_6,Rewa,School building,Vendor_14,District_Authority_6,2960348.0,482,252.0,2876038.0,0,0,0.918112329931613,0.9715202401879779,1,3.5,False,False,3.5,False
W0127,MP_8,Ujjain,Streetlight installation,Vendor_10,District_Authority_4,374663.0,418,203.0,383564.0,0,0,0.9140765093863185,1.023757349938478,1,3.4,False,False,3.4,False
W0251,MP_3,Bhopal,Community hall,Vendor_18,District_Authority_5,1645811.0,545,280.0,1661959.0,0,0,0.9311014429882669,1.0098115761773374,1,3.4,False,False,3.4,False
W0117,MP_10,Ujjain,Streetlight installation,Vendor_5,District_Authority_4,416141.0,550,200.0,415990.0,0,0,1.0152716246134046,0.999637142218623,1,3.3,False,False,3.3,False
W0370,MP_2,Ujjain,Streetlight installation,Vendor_13,District_Authority_8,384830.0,373,280.0,391483.0,0,0,0.9388812428959811,1.0172881532105085,1,3.2,False,False,3.2,False
W0290,MP_7,Rewa,Drainage work,Vendor_14,District_Authority_3,823892.0,622,204.0,810912.0,0,0,0.8991869967501153,0.9842455079063761,1,3.1,False,False,3.1,False
W0093,MP_8,Satna,Community hall,Vendor_16,District_Authority_5,1928087.0,189,274.0,1955301.0,0,0,1.0162740136940434,1.0141145083183487,1,2.9,False,False,2.9,False
W0366,MP_4,Sagar,Community hall,Vendor_4,District_Authority_3,1812173.0,105,225.0,1855558.0,0,0,0.9146049887735846,1.0239408709874829,1,2.8,False,False,2.8,False
W0098,MP_6,Sagar,Streetlight installation,Vendor_7,District_Authority_7,442952.0,368,256.0,429911.0,0,0,1.0538819863307638,0.9705588867416786,1,2.7,False,False,2.7,False
W0221,MP_7,Jabalpur,Drainage work,Vendor_3,District_Authority_7,969538.0,208,260.0,942494.0,0,0,1.0081721655562823,0.9721063021769131,1,2.6,False,False,2.6,False
W0037,MP_4,Rewa,Community hall,Vendor_6,District_Authority_6,1524401.0,328,233.0,1526886.0,0,0,0.8710490103471127,1.0016301484976722,1,2.6,False,False,2.6,False
W0113,MP_5,Rewa,Handpump installation,Vendor_14,District_Authority_2,154632.0,212,241.0,158037.0,0,0,1.031633886301528,1.0220200217290083,1,2.5,False,False,2.5,False
W0153,MP_6,Satna,Streetlight installation,Vendor_8,District_Authority_6,366153.0,301,216.0,366802.0,0,0,0.9019590937867191,1.001772483087671,1,2.4,False,False,2.4,False
W0036,MP_6,Gwalior,Road construction,Vendor_4,District_Authority_3,1163234.0,631,227.0,1177529.0,0,0,0.9270563337851744,1.0122890149359458,1,2.3,False,False,2.3,False
W0234,MP_6,Gwalior,Streetlight installation,Vendor_20,District_Authority_7,429277.0,661,263.0,416525.0,0,0,1.0278752777842295,0.9702942389179947,1,2.3,False,False,2.3,False
W0266,MP_9,Ujjain,Road construction,Vendor_5,District_Authority_8,1265845.0,121,232.0,1238667.0,0,0,1.0250980562376433,0.9785297568027681,1,2.3,False,False,2.3,False
W0100,MP_3,Jabalpur,School building,Vendor_19,District_Authority_6,2646795.0,560,207.0,2596896.0,0,0,0.955761751222103,0.9811473876896397,1,2.0,False,False,2.0,False
W0159,MP_7,Gwalior,Streetlight installation,Vendor_20,District_Authority_5,405032.0,608,215.0,406753.0,0,0,0.9698222348541898,1.0042490469888798,1,1.9,False,False,1.9,False
W0075,MP_7,Rewa,Streetlight installation,Vendor_6,District_Authority_6,384902.0,371,234.0,393114.0,0,0,0.933770659520838,1.0213353009337443,1,1.9,False,False,1.9,False
W0084,MP_3,Sagar,Handpump installation,Vendor_15,District_Authority_1,141853.0,231,249.0,139333.0,0,0,0.9425605076496287,0.9822351307339288,1,1.8,False,False,1.8,False
W0154,MP_1,Indore,Road construction,Vendor_9,District_Authority_5,1143018.0,225,222.0,1108825.0,0,0,0.9292896185779734,0.9700853354890299,1,1.8,False,False,1.8,False
W0375,MP_10,Sagar,School building,Vendor_15,District_Authority_1,2726102.0,632,226.0,2723675.0,0,0,0.9124435099444589,0.9991097178315411,1,1.7,False,False,1.7,False
W0155,MP_10,Bhopal,School building,Vendor_18,District_Authority_7,2862400.0,694,253.0,2889529.0,0,0,1.0082277072978016,1.0094777110117383,1,1.7,False,False,1.7,False
W0080,MP_4,Rewa,Drainage work,Vendor_14,District_Authority_6,946784.0,196,250.0,949105.0,0,0,1.0333100230747003,1.0024514567208571,1,1.7,False,False,1.7,False
W0187,MP_4,Bhopal,Road construction,Vendor_18,District_Authority_2,1195454.0,205,266.0,1210261.0,0,0,0.9690167171948014,1.0123860893016376,1,1.6,False,False,1.6,False
W0271,MP_2,Rewa,Streetlight installation,Vendor_14,District_Authority_1,408334.0,526,243.0,407094.0,0,0,0.9906165945741563,0.9969632702640485,1,1.4,False,False,1.4,False
W0185,MP_7,Gwalior,Community hall,Vendor_4,District_Authority_6,1886531.0,200,238.0,1912563.0,0,0,1.0082609634719844,1.0137988721097082,1,1.3,False,False,1.3,False
W0321,MP_10,Indore,Drainage work,Vendor_9,District_Authority_7,997860.0,614,236.0,1012475.0,0,0,1.0164115434918126,1.0146463431743933,1,1.0,False,False,1.0,False
W0282,MP_7,Bhopal,Handpump installation,Vendor_10,District_Authority_1,152857.0,423,217.0,151088.0,0,0,0.9717017581158615,0.9884270919879364,1,0.9,False,False,0.9,False
W0157,MP_4,Sagar,Handpump installation,Vendor_15,District_Authority_8,145838.0,574,246.0,146223.0,0,0,0.9690393528131697,1.0026399155227033,1,0.0,False,False,0.0,False
